total_exposure,3271248.0
expected_loss,533007.9806398895
el_pct,0.16293719725312464
var_95,576203.9117065986
var_99,594461.73518106
cvar_99,603159.13858918
economic_capital_99,61453.75454117055
n_simulations,10000.0
